學年度,志願代碼,學校,系組名稱,學測成績最低篩選標準,APCS超額篩選最低標準級分,APCS超額篩選標準加權成績
113,101001,國立臺灣科技大學,材料科學與工程系,82.22,,
113,101002,國立臺灣科技大學,營建工程系,60.00,,
113,101003,國立臺灣科技大學,化學工程系,80.00,,
113,101004,國立臺灣科技大學,工業管理系,57.78,,
113,101005,國立臺灣科技大學,資訊管理系,73.33,7,60.00
113,101006,國立臺灣科技大學,建築系,73.33,,
113,101007,國立臺灣科技大學,工程學士班,60.95,,
113,101008,國立臺灣科技大學,電資學士班,86.67,,
113,101009,國立臺灣科技大學,管理學士班,68.89,,
113,101010,國立臺灣科技大學,設計系工業設計組,74.67,,
113,101011,國立臺灣科技大學,設計系商業設計組,74.67,,
113,101012,國立臺灣科技大學,全球發展工程學士學位學程機械工程組,77.14,,
113,101013,國立臺灣科技大學,全球發展工程學士學位學程材料工程組,76.19,,
113,101014,國立臺灣科技大學,電子工程系,86.15,8,64.62
113,101015,國立臺灣科技大學,資訊工程系,87.50,9,85.83
113,101016,國立臺灣科技大學,不分系學士班（A組）,82.22,,
113,101017,國立臺灣科技大學,不分系學士班（B組）,85.71,,
113,102001,國立雲林科技大學,工程科技菁英班,70.00,4,66.67
113,102002,國立雲林科技大學,機械工程系,80.00,,
113,102003,國立雲林科技大學,環境與安全衛生工程系,60.00,,
113,102004,國立雲林科技大學,營建工程系,57.78,,
113,102005,國立雲林科技大學,資訊工程系,80.00,7,76.67
113,102006,國立雲林科技大學,工業工程與管理系,76.67,,
113,102007,國立雲林科技大學,國際管理學士學位學程,68.89,,
113,102008,國立雲林科技大學,工業設計系,76.67,,
113,102009,國立雲林科技大學,建築與室內設計系建築組,73.33,,
113,102010,國立雲林科技大學,建築與室內設計系室內組,86.67,,
113,102011,國立雲林科技大學,數位媒體設計系,73.33,,
113,102012,國立雲林科技大學,創意生活設計系,60.00,,
113,102013,國立雲林科技大學,文化資產維護系,62.22,,
113,102014,國立雲林科技大學,智慧機器人學士學位學程,73.33,,
113,103001,國立屏東科技大學,農園生產系,20.00,,
113,103002,國立屏東科技大學,森林系,55.56,,
113,103003,國立屏東科技大學,水產養殖系,57.78,,
113,103004,國立屏東科技大學,動物科學與畜產系,64.00,,
113,103005,國立屏東科技大學,植物醫學系,66.67,,
113,103006,國立屏東科技大學,木材科學與設計系,20.00,,
113,103007,國立屏東科技大學,食品科學系,48.89,,
113,103008,國立屏東科技大學,生物科技系,46.67,,
113,103009,國立屏東科技大學,材料工程系,73.33,,
113,103010,國立屏東科技大學,水土保持系,16.67,,
113,103011,國立屏東科技大學,土木工程系,60.00,,
113,103012,國立屏東科技大學,農企業管理系,40.00,,
113,103013,國立屏東科技大學,財務金融國際學士學位學程,40.00,,
113,103014,國立屏東科技大學,熱帶農業暨國際合作系,17.33,,
113,103015,國立屏東科技大學,獸醫學系,81.33,,
113,104001,國立臺北科技大學,能源與冷凍空調工程系,66.67,,
113,104002,國立臺北科技大學,車輛工程系,53.33,,
113,104003,國立臺北科技大學,土木工程系,66.67,,
113,104004,國立臺北科技大學,分子科學與工程系,73.33,,
113,104005,國立臺北科技大學,材料及資源工程系材料組,86.67,,
113,104006,國立臺北科技大學,材料及資源工程系資源組,77.78,,
113,104007,國立臺北科技大學,工業工程與管理系,73.33,,
113,104008,國立臺北科技大學,建築系,86.67,,
113,104009,國立臺北科技大學,機電學士班,73.33,,
113,104010,國立臺北科技大學,電資學士班,83.33,7,73.33
113,104011,國立臺北科技大學,工程科技學士班,68.89,,
113,104012,國立臺北科技大學,創意設計學士班,75.56,4,46.67
113,104013,國立臺北科技大學,資訊與財金管理系,84.44,6,64.44
113,104014,國立臺北科技大學,資訊工程系,84.44,8,82.22
113,104015,國立臺北科技大學,光電工程系,80.00,6,57.78
113,104016,國立臺北科技大學,電子工程系,84.44,7,62.22
113,105001,國立高雄科技大學,化學工程與材料工程系,79.78,,
113,105002,國立高雄科技大學,土木工程系,72.50,,
113,105003,國立高雄科技大學,工業工程與管理系,56.67,,
113,105004,國立高雄科技大學,營建工程系,73.33,,
113,105005,國立高雄科技大學,環境與安全衛生工程系,66.67,,
113,105006,國立高雄科技大學,機械工程系,76.00,,
113,105007,國立高雄科技大學,機械工程系智能系統與控制組,68.00,,
113,105008,國立高雄科技大學,機械工程系微奈米技術組,70.67,,
113,105009,國立高雄科技大學,模具工程系,56.67,,
113,105010,國立高雄科技大學,模具工程系光電模具組,60.00,,
113,105011,國立高雄科技大學,模具工程系精微模具組,53.33,,
113,105012,國立高雄科技大學,機電工程系精密機械組,63.33,,
113,105013,國立高雄科技大學,機電工程系智慧自動化組,63.33,,
113,105014,國立高雄科技大學,能源與冷凍空調工程系,58.67,,
113,105015,國立高雄科技大學,電機工程系,84.44,8,73.33
113,105016,國立高雄科技大學,電子工程系電子組（建工校區）,75.00,,
113,105017,國立高雄科技大學,電子工程系電信與系統組（建工校區）,68.33,,
113,105018,國立高雄科技大學,電子工程系資訊組（建工校區）,71.67,,
113,105019,國立高雄科技大學,資訊工程系,80.00,8,66.67
113,105020,國立高雄科技大學,電子工程系,76.67,6,73.33
113,105021,國立高雄科技大學,電腦與通訊工程系,63.33,5,33.33
113,105022,國立高雄科技大學,半導體工程系,73.33,6,62.22
113,105023,國立高雄科技大學,國際企業系,70.00,,
113,105024,國立高雄科技大學,企業管理系,78.10,,
113,105025,國立高雄科技大學,資訊管理系,73.33,,
113,105026,國立高雄科技大學,運籌管理系,20.00,,
113,105027,國立高雄科技大學,財務管理系,70.00,,
113,105028,國立高雄科技大學,人力資源發展系,55.00,,
113,105029,國立高雄科技大學,會計資訊系,73.33,,
113,105030,國立高雄科技大學,金融資訊系,75.56,7,60.00
113,105031,國立高雄科技大學,財政稅務系,64.44,,
113,105032,國立高雄科技大學,觀光管理系,60.00,,
113,105033,國立高雄科技大學,智慧商務系,70.00,5,63.33
113,105034,國立高雄科技大學,航運管理系,65.00,,
113,105035,國立高雄科技大學,商務資訊應用系,25.19,,
113,105036,國立高雄科技大學,供應鏈管理系,22.22,,
113,105037,國立高雄科技大學,海洋休閒管理系,26.67,,
113,105038,國立高雄科技大學,應用德語系,66.67,,
113,105039,國立高雄科技大學,文化創意產業系,64.00,,
113,105040,國立高雄科技大學,工業設計系,73.33,,
113,105041,國立高雄科技大學,漁業科技與管理系,48.89,,
113,105042,國立高雄科技大學,水產食品科學系,56.19,,
113,105043,國立高雄科技大學,水產養殖系,41.33,,
113,105044,國立高雄科技大學,海洋生物技術系,61.82,,
113,105045,國立高雄科技大學,海洋環境工程系,51.11,,
113,105046,國立高雄科技大學,電訊工程系,61.90,,
113,105047,國立高雄科技大學,造船及海洋工程系,56.00,,
113,105048,國立高雄科技大學,航運技術系,52.22,,
113,105049,國立高雄科技大學,輪機工程系,51.28,,
113,105050,國立高雄科技大學,海事資訊科技系,46.67,4,23.33
113,105051,國立高雄科技大學,高瞻科技不分系學士學位學程,49.33,,
113,107001,國立虎尾科技大學,機械與電腦輔助工程系,63.33,,
113,107002,國立虎尾科技大學,材料科學與工程系,71.11,,
113,107003,國立虎尾科技大學,機械設計工程系,55.56,,
113,107004,國立虎尾科技大學,動力機械工程系,66.67,,
113,107005,國立虎尾科技大學,自動化工程系,13.33,,
113,107006,國立虎尾科技大學,車輛工程系,46.67,,
113,107007,國立虎尾科技大學,飛機工程系機械組,60.00,,
113,107008,國立虎尾科技大學,飛機工程系航空電子組,62.22,,
113,107009,國立虎尾科技大學,資訊工程系,77.78,8,64.44
113,107010,國立虎尾科技大學,光電工程系,56.67,,
113,107011,國立虎尾科技大學,電子工程系,66.67,,
113,107012,國立虎尾科技大學,電機工程系,53.33,4,33.33
113,107013,國立虎尾科技大學,生物科技系,73.33,,
113,107014,國立虎尾科技大學,農業科技系,60.00,,
113,109001,國立澎湖科技大學,水產養殖系,44.00,,
113,109002,國立澎湖科技大學,電信工程系,51.92,,
113,109003,國立澎湖科技大學,資訊工程系,24.00,,
113,110001,國立勤益科技大學,冷凍空調與能源系,46.67,,
113,110002,國立勤益科技大學,資訊工程系,71.52,4,70.30
113,110003,國立勤益科技大學,智慧自動化工程系,73.33,,
113,110004,國立勤益科技大學,工業工程與管理系,80.00,,
113,111001,國立臺北護理健康大學,護理系,49.33,,
113,111002,國立臺北護理健康大學,高齡健康照護系,57.33,,
113,111003,國立臺北護理健康大學,健康事業管理系,45.56,,
113,111004,國立臺北護理健康大學,資訊管理系,61.67,5,43.33
113,111005,國立臺北護理健康大學,休閒產業與健康促進系,57.33,,
113,111006,國立臺北護理健康大學,嬰幼兒保育系,55.00,,
113,111007,國立臺北護理健康大學,運動保健系,56.67,,
113,111008,國立臺北護理健康大學,生死與健康心理諮商系,67.50,,
113,112001,國立高雄餐旅大學,旅館管理系,76.19,,
113,112002,國立高雄餐旅大學,西餐廚藝系,68.33,,
113,112003,國立高雄餐旅大學,烘焙管理系,66.67,,
113,113001,國立臺中科技大學,智慧生產工程系,80.00,4,66.67
113,113002,國立臺中科技大學,資訊工程系,80.00,7,59.05
113,113003,國立臺中科技大學,人工智慧應用工程學士學位學程,74.67,4,37.33
113,114001,國立臺北商業大學,數位多媒體設計系（桃園校區）,86.67,,
113,201001,朝陽科技大學,企業管理系,73.33,,
113,201002,朝陽科技大學,保險金融管理系,60.00,,
113,201003,朝陽科技大學,銀髮產業管理系,60.00,,
113,201004,朝陽科技大學,營建工程系,0.00,,
113,201005,朝陽科技大學,工業工程與管理系,20.00,,
113,201006,朝陽科技大學,應用化學系,26.67,,
113,201007,朝陽科技大學,環境工程與管理系,33.33,,
113,201008,朝陽科技大學,建築系建築組,46.67,,
113,201009,朝陽科技大學,建築系室內設計組,46.67,,
113,201010,朝陽科技大學,工業設計系,33.33,,
113,201011,朝陽科技大學,景觀及都市設計系,26.67,,
113,201012,朝陽科技大學,傳播藝術系,40.00,,
113,201013,朝陽科技大學,幼兒保育系,66.67,,
113,201014,朝陽科技大學,社會工作系,73.33,,
113,201015,朝陽科技大學,應用英語系,46.67,,
113,201016,朝陽科技大學,資訊管理系資訊管理組,53.33,4,40.00
113,201017,朝陽科技大學,資訊管理系數位多媒體組,40.00,4,20.00
113,201018,朝陽科技大學,資訊工程系人工智慧組,46.67,6,33.33
113,201019,朝陽科技大學,資訊與通訊系,40.00,,
113,201020,朝陽科技大學,航空機械系,40.00,,
113,201021,朝陽科技大學,飛行與民航人員技術系,20.00,,
113,201022,朝陽科技大學,航空運務系,40.00,,
113,202001,南臺科技大學,電機工程系控制與晶片組,30.00,,
113,202002,南臺科技大學,半導體與光電工程系,26.67,,
113,202003,南臺科技大學,化學工程與材料工程系,23.33,,
113,202004,南臺科技大學,生物與食品科技系,33.33,,
113,202005,南臺科技大學,工業管理與資訊系工業管理組,23.33,,
113,202006,南臺科技大學,多媒體與電腦娛樂科學系,33.33,,
113,202007,南臺科技大學,流行音樂產業系,13.33,,
113,202008,南臺科技大學,應用英語系,46.67,,
113,202009,南臺科技大學,應用日語系,53.33,,
113,202010,南臺科技大學,幼兒保育系,50.67,,
113,202011,南臺科技大學,高齡福祉服務系,44.00,,
113,203001,崑山科技大學,機械工程系,23.33,,
113,203002,崑山科技大學,機械工程系智慧製造組,23.33,,
113,203003,崑山科技大學,機械工程系智慧車輛組,16.67,,
113,203004,崑山科技大學,電機工程系,48.00,,
113,203005,崑山科技大學,電子工程系,16.67,,
113,203006,崑山科技大學,環境工程系,33.33,,
113,203007,崑山科技大學,環境工程系綠色科技與管理組,40.00,,
113,203008,崑山科技大學,先進應用材料工程系,26.67,,
113,203009,崑山科技大學,資訊工程系,35.56,,
113,203010,崑山科技大學,智慧機器人工程系,16.67,,
113,203011,崑山科技大學,電腦與遊戲發展科學學士學位學程,20.00,,
113,203012,崑山科技大學,企業管理系,43.33,,
113,203013,崑山科技大學,房地產開發與管理系,16.67,,
113,203014,崑山科技大學,視覺傳達設計系,43.33,,
113,203015,崑山科技大學,空間設計系,46.67,,
113,203016,崑山科技大學,公共關係暨廣告系,13.33,,
113,203017,崑山科技大學,視訊傳播設計系,13.33,,
113,203018,崑山科技大學,資訊傳播系,20.00,,
113,203019,崑山科技大學,休閒遊憩與運動管理系,33.33,,
113,203020,崑山科技大學,旅遊事業管理系,20.00,,
113,203021,崑山科技大學,餐飲管理及廚藝系,13.33,,
113,203022,崑山科技大學,時尚展演事業系,20.00,,
113,203023,崑山科技大學,幼兒保育系,46.67,,
113,204001,嘉藥學校財團法人嘉南藥理大學,藥學系,75.56,,
113,204002,嘉藥學校財團法人嘉南藥理大學,食藥產業暨檢測科技系,66.67,,
113,204003,嘉藥學校財團法人嘉南藥理大學,化粧品應用與管理系,46.67,,
113,204004,嘉藥學校財團法人嘉南藥理大學,食品科技系,53.33,,
113,204005,嘉藥學校財團法人嘉南藥理大學,保健營養系,66.67,,
113,204006,嘉藥學校財團法人嘉南藥理大學,藥粧生技產業系,60.00,,
113,204007,嘉藥學校財團法人嘉南藥理大學,社會工作系,46.67,,
113,204008,嘉藥學校財團法人嘉南藥理大學,資訊管理系,53.33,,
113,204009,嘉藥學校財團法人嘉南藥理大學,多媒體與遊戲發展系,60.00,,
113,204010,嘉藥學校財團法人嘉南藥理大學,嬰幼兒保育系,60.00,,
113,204011,嘉藥學校財團法人嘉南藥理大學,生活保健科技系,40.00,,
113,204012,嘉藥學校財團法人嘉南藥理大學,餐旅管理系,46.67,,
113,204013,嘉藥學校財團法人嘉南藥理大學,醫務管理系,56.67,,
113,204014,嘉藥學校財團法人嘉南藥理大學,職業安全衛生系,66.67,,
113,204015,嘉藥學校財團法人嘉南藥理大學,環境工程與科學系環境科技組,13.33,,
113,204016,嘉藥學校財團法人嘉南藥理大學,環境資源管理系,26.67,,
113,204017,嘉藥學校財團法人嘉南藥理大學,公共安全及消防系,20.00,,
113,204018,嘉藥學校財團法人嘉南藥理大學,休閒保健管理系,40.00,,
113,204019,嘉藥學校財團法人嘉南藥理大學,運動管理系,53.33,,
113,205001,樹德科技大學,資訊管理系,46.67,,
113,205002,樹德科技大學,資訊工程系,37.78,,
113,205003,樹德科技大學,電腦與通訊系,17.78,,
113,205004,樹德科技大學,室內設計系,51.11,,
113,205005,樹德科技大學,視覺傳達設計系,53.33,,
113,205006,樹德科技大學,生活產品設計系,20.00,,
113,205007,樹德科技大學,動畫與遊戲設計系,66.67,,
113,205008,樹德科技大學,表演藝術系,60.00,,
113,205009,樹德科技大學,電子競技與電腦娛樂科學系,20.00,,
113,205010,樹德科技大學,藝術管理與藝術經紀系,46.67,,
113,205011,樹德科技大學,美髮設計與經營系,20.00,,
113,205012,樹德科技大學,金融管理系,60.00,,
113,205013,樹德科技大學,流通管理系,46.67,,
113,205014,樹德科技大學,行銷管理系,53.33,,
113,205015,樹德科技大學,應用外語系,40.00,,
113,205016,樹德科技大學,兒童與家庭服務系,40.00,,
113,205017,樹德科技大學,社會工作系,60.00,,
113,206001,龍華科技大學,機械工程系,53.33,,
113,206002,龍華科技大學,半導體工程系,60.00,,
113,206003,龍華科技大學,電機工程系,66.67,,
113,206004,龍華科技大學,電子工程系,60.00,4,46.67
113,206005,龍華科技大學,資訊網路工程系,20.00,,
113,206006,龍華科技大學,數位行銷暨跨境商務系,46.67,,
113,206007,龍華科技大學,資訊管理系,46.67,,
113,206008,龍華科技大學,工業管理系,46.67,,
113,206009,龍華科技大學,多媒體與遊戲發展科學系,60.00,,
113,206010,龍華科技大學,文化創意與數位媒體設計系,46.67,,
113,207001,輔英科技大學,護理系,26.67,,
113,207002,輔英科技大學,健康事業管理系,13.33,,
113,207003,輔英科技大學,物理治療系,80.00,,
113,207004,輔英科技大學,健康美容系,53.33,,
113,207005,輔英科技大學,環境工程與科學系,13.33,,
113,207006,輔英科技大學,應用化學及材料科學系,20.00,,
113,207007,輔英科技大學,生物科技與綠色產業系,26.67,,
113,207008,輔英科技大學,幼兒保育暨產業系,33.33,,
113,208001,明新科技大學,電機工程系,30.00,,
113,208002,明新科技大學,電子工程系,28.89,,
113,208003,明新科技大學,應用材料科技系,10.00,,
113,208004,明新科技大學,半導體與光電科技系,16.67,,
113,208005,明新科技大學,機械工程系,46.67,,
113,208006,明新科技大學,土木工程與環境資源管理系,40.00,,
113,208007,明新科技大學,資訊工程系,53.33,,
113,208008,明新科技大學,財務金融系智慧理財組,50.48,,
113,209001,弘光科技大學,護理系,53.33,,
113,209002,弘光科技大學,物理治療系,66.67,,
113,209003,弘光科技大學,語言治療與聽力學系,70.00,,
113,209004,弘光科技大學,餐旅管理系,42.22,,
113,209005,弘光科技大學,美髮造型設計系,26.67,,
113,209006,弘光科技大學,運動休閒系,43.33,,
113,209007,弘光科技大學,環境與安全衛生工程系職業安全衛生組,50.00,,
113,209008,弘光科技大學,醫療器材發展與應用系,53.33,,
113,210001,健行科技大學,土木工程系,33.33,,
113,210002,健行科技大學,車輛工程系,16.67,,
113,210003,健行科技大學,機械工程系,26.67,,
113,210004,健行科技大學,室內設計與管理系,53.33,,
113,210005,健行科技大學,國際企業經營系航空行銷組,20.00,,
113,210006,健行科技大學,國際企業經營系觀光休閒組,13.33,,
113,210007,健行科技大學,數位多媒體設計系,30.00,,
113,210008,健行科技大學,餐旅管理系,31.11,,
113,210009,健行科技大學,應用外語系日韓語組,46.67,,
113,210010,健行科技大學,工業管理系,30.00,,
113,210011,健行科技大學,企業管理系,33.33,,
113,210012,健行科技大學,行銷與流通管理系,20.00,,
113,210013,健行科技大學,財務金融系投資理財組,13.33,,
113,210014,健行科技大學,財務金融系金融管理組,40.00,,
113,210015,健行科技大學,資訊管理系,20.00,,
113,210016,健行科技大學,資訊工程系,26.67,,
113,210017,健行科技大學,電子工程系,26.67,,
113,210018,健行科技大學,電機工程系,20.00,,
113,211001,正修科技大學,土木與空間資訊系,26.67,,
113,211002,正修科技大學,電子工程系,30.00,,
113,211003,正修科技大學,機械工程系,24.00,,
113,211004,正修科技大學,電機工程系,44.00,,
113,211005,正修科技大學,工業工程與管理系,13.33,,
113,211006,正修科技大學,建築與室內設計系建築設計組,42.22,,
113,211007,正修科技大學,電競科技系,11.11,,
113,211008,正修科技大學,資訊管理系,37.78,,
113,211009,正修科技大學,金融管理系,37.78,,
113,211010,正修科技大學,化妝品與時尚彩妝系,30.00,,
113,211011,正修科技大學,幼兒保育系家庭社工組,36.67,,
113,211012,正修科技大學,休閒與運動管理系,30.00,,
113,211013,正修科技大學,數位多媒體設計系,51.11,4,46.67
113,211014,正修科技大學,視覺傳達設計系,42.22,,
113,211015,正修科技大學,護理系,33.33,,
113,212001,萬能科技大學,室內設計與營建科技系室內設計與管理組,20.00,,
113,212002,萬能科技大學,資訊工程系遊戲設計與競技組,13.33,,
113,212003,萬能科技大學,航空光機電系,26.67,,
113,212004,萬能科技大學,化妝品應用與管理系,6.67,,
113,212005,萬能科技大學,時尚造型設計系時尚造型設計組,20.00,,
113,212006,萬能科技大學,時尚造型設計系時尚表演藝術組,0.00,,
113,212007,萬能科技大學,商業設計系,20.00,,
113,212008,萬能科技大學,觀光與休閒事業管理系,30.00,,
113,212009,萬能科技大學,餐飲管理系,26.67,,
113,212010,萬能科技大學,旅館管理系,26.67,,
113,212011,萬能科技大學,航空暨運輸服務管理系,13.33,,
113,213001,建國科技大學,機械工程系,13.33,,
113,213002,建國科技大學,機械工程系先進車輛組,20.00,,
113,213003,建國科技大學,電機工程系,53.33,,
113,213004,建國科技大學,電子工程系,26.67,,
113,213005,建國科技大學,土木工程系,33.33,,
113,213006,建國科技大學,國際企業管理系,13.33,,
113,213007,建國科技大學,行銷與服務管理系,13.33,,
113,213008,建國科技大學,視覺傳達設計系商業設計組,13.33,,
113,213009,建國科技大學,視覺傳達設計系媒體設計組,26.67,,
113,213010,建國科技大學,創意產品與遊戲設計系,13.33,,
113,213011,建國科技大學,應用外語系,13.33,,
113,213012,建國科技大學,運動健康與休閒系,40.00,,
113,213013,建國科技大學,美容系,20.00,,
113,213014,建國科技大學,觀光系,26.67,,
113,214001,明志科技大學,機械工程系精密機械組,42.22,,
113,214002,明志科技大學,機械工程系光機電組,41.11,,
113,214003,明志科技大學,機械工程系車輛組,17.78,,
113,214004,明志科技大學,電子工程系,44.44,5,40.00
113,214005,明志科技大學,化學工程系,40.95,,
113,214006,明志科技大學,環境與安全衛生工程系,18.33,,
113,214007,明志科技大學,材料工程系,49.52,,
113,214008,明志科技大學,工業工程與管理系,44.44,,
113,214009,明志科技大學,工業設計系,26.67,,
113,214010,明志科技大學,視覺傳達設計系,45.00,,
113,214011,明志科技大學,工業人工智慧學士學位學程,45.45,,
113,214012,明志科技大學,半導體材料與製程學士學位學程,55.56,,
113,214013,明志科技大學,數位行銷設計學士學位學程,50.00,,
113,215001,台鋼科技大學,電機工程系,20.00,,
113,215002,台鋼科技大學,機械與自動化工程系,13.33,,
113,215003,台鋼科技大學,智慧科技應用系,20.00,,
113,215004,台鋼科技大學,建築系,13.33,,
113,215005,台鋼科技大學,休閒運動管理系,60.00,,
113,216001,大仁科技大學,藥學系藥學組,77.78,,
113,216002,大仁科技大學,藥學系臨床藥學組,77.78,,
113,216003,大仁科技大學,環境與職業安全衛生系,10.00,,
113,216004,大仁科技大學,寵物照護暨美容系,30.00,,
113,216005,大仁科技大學,消防安全學士學位學程,16.00,,
113,216006,大仁科技大學,護理系,22.22,,
113,216007,大仁科技大學,休閒運動管理系,40.00,,
113,216008,大仁科技大學,餐旅管理系,6.67,,
113,216009,大仁科技大學,觀光事業系,20.00,,
113,216010,大仁科技大學,社會工作系,46.67,,
113,217001,聖約翰科技大學,電機工程系,31.11,,
113,217002,聖約翰科技大學,多媒體設計系,40.00,,
113,217003,聖約翰科技大學,樂齡福祉與健康促進系,20.00,,
113,218001,嶺東科技大學,國際企業系,60.00,,
113,218002,嶺東科技大學,會計資訊系,60.00,,
113,218003,嶺東科技大學,數位媒體設計系,26.67,,
113,218004,嶺東科技大學,服飾設計系,53.33,,
113,218005,嶺東科技大學,時尚經營系,42.67,,
113,219001,中國科技大學,建築系（臺北校區）,60.00,,
113,219002,中國科技大學,土木與防災系（臺北校區）,26.67,,
113,219003,中國科技大學,室內設計系（臺北校區）,66.67,,
113,219004,中國科技大學,視覺傳達設計系（臺北校區）,66.67,,
113,219005,中國科技大學,數位多媒體設計系（臺北校區）,66.67,,
113,219006,中國科技大學,影視設計系（臺北校區）,60.00,,
113,219007,中國科技大學,管理學院企業管理雙學士學位學程（臺北校區）,40.00,,
113,219008,中國科技大學,財務金融系（臺北校區）,53.33,,
113,219009,中國科技大學,資訊工程系（臺北校區）,66.67,,
113,219010,中國科技大學,視覺傳達設計系（新竹校區）,26.67,,
113,219011,中國科技大學,數位多媒體設計系（新竹校區）,46.67,,
113,220001,中臺科技大學,護理系,73.33,,
113,221001,台南應用科技大學,服飾設計管理系,53.33,,
113,221002,台南應用科技大學,美容造型設計系,40.00,,
113,221003,台南應用科技大學,室內設計系,73.33,,
113,221004,台南應用科技大學,多媒體動畫系,73.33,,
113,221005,台南應用科技大學,漫畫系,20.00,,
113,221006,台南應用科技大學,美術系,53.33,,
113,221007,台南應用科技大學,流行音樂系,66.67,,
113,221008,台南應用科技大學,旅館管理系,53.33,,
113,222001,遠東科技大學,機械工程系,16.67,,
113,222002,遠東科技大學,資訊工程系,16.67,,
113,222003,遠東科技大學,電機工程系,23.33,,
113,222004,遠東科技大學,冷凍空調與能源系,40.00,,
113,222005,遠東科技大學,飛機修護系,33.33,,
113,222006,遠東科技大學,行銷與流通管理系,46.67,,
113,222007,遠東科技大學,餐飲管理系,62.22,,
113,223001,元培醫事科技大學,醫學影像暨放射技術系,56.67,,
113,223002,元培醫事科技大學,醫務管理系醫療產業管理組,20.00,,
113,223003,元培醫事科技大學,醫務管理系健康管理組,26.67,,
113,223004,元培醫事科技大學,高齡福祉事業管理學士學位學程,23.33,,
113,223005,元培醫事科技大學,醫學檢驗生物技術系,56.67,,
113,223006,元培醫事科技大學,護理系,20.00,,
113,223007,元培醫事科技大學,生物醫學工程系,17.78,,
113,223008,元培醫事科技大學,視光系,40.00,,
113,223009,元培醫事科技大學,寵物保健系,46.67,,
113,223010,元培醫事科技大學,環境工程衛生系,40.00,,
113,223011,元培醫事科技大學,食品科學系,33.33,,
113,223012,元培醫事科技大學,生物科技暨製藥技術系,20.00,,
113,223013,元培醫事科技大學,資訊管理系,13.33,,
113,223014,元培醫事科技大學,企業管理系,24.44,,
113,223015,元培醫事科技大學,健康休閒管理系健康保健組,15.56,,
113,224001,景文科技大學,理財與稅務規劃系,26.67,,
113,224002,景文科技大學,資訊與通訊系,26.67,,
113,225001,中華醫事科技大學,護理系,18.33,,
113,225002,中華醫事科技大學,醫學檢驗生物技術系,80.00,,
113,225003,中華醫事科技大學,視光系,66.67,,
113,225004,中華醫事科技大學,環境與安全衛生工程系,13.33,,
113,225005,中華醫事科技大學,寵物照護與美容系,66.67,,
113,225006,中華醫事科技大學,製藥工程系,73.33,,
113,226001,東南科技大學,工程與電資學院專班,13.33,,
113,226002,東南科技大學,觀餐休閒與管理學院專班,13.33,,
113,226003,東南科技大學,創新設計學院專班,20.00,,
113,227001,德明財經科技大學,會計資訊系,53.33,,
113,227002,德明財經科技大學,財政稅務系,26.67,,
113,227003,德明財經科技大學,財務金融系不動產金融與投資管理組,53.33,,
113,227004,德明財經科技大學,風險管理與財富規劃系,20.00,,
113,227005,德明財經科技大學,企業管理系時尚經營管理組,26.67,,
113,227006,德明財經科技大學,資訊管理系,26.67,,
113,227007,德明財經科技大學,資訊科技系,46.67,4,20.00
113,227008,德明財經科技大學,多媒體設計系,53.33,,
113,227009,德明財經科技大學,國際貿易系,40.00,,
113,227010,德明財經科技大學,行銷管理系,60.00,,
113,227011,德明財經科技大學,應用外語系,13.33,,
113,228001,南開科技大學,自動化工程系,33.33,,
113,228002,南開科技大學,車輛工程系,26.67,,
113,228003,南開科技大學,電機與資訊技術系,13.33,,
113,228004,南開科技大學,行銷與流通管理系,20.00,,
113,228005,南開科技大學,休閒事業管理系,26.67,,
113,228006,南開科技大學,餐飲管理系,20.00,,
113,228007,南開科技大學,長期照顧與管理系,13.33,,
113,229001,中華科技大學,機械工程系（台北校區）,6.67,,
113,229002,中華科技大學,機械工程系動力機械組（台北校區）,53.33,,
113,229003,中華科技大學,電機與資訊工程系（台北校區）,20.00,,
113,229004,中華科技大學,建築系（台北校區）,44.44,,
113,229005,中華科技大學,行銷與流通管理系（台北校區）,33.33,,
113,229006,中華科技大學,企業資訊與管理系（台北校區）,43.33,,
113,229007,中華科技大學,生物科技系化妝品生技組（台北校區）,26.67,,
113,229008,中華科技大學,餐旅管理系（台北校區）,53.33,,
113,229009,中華科技大學,航空機械系（台北校區）,13.33,,
113,229010,中華科技大學,航空電子系（台北校區）,40.00,,
113,229011,中華科技大學,航空服務管理系（台北校區）,33.33,,
113,230001,僑光科技大學,財經法律系,40.00,,
113,230002,僑光科技大學,資訊科技系,50.00,,
113,231001,育達科技大學,物聯網工程與應用學士學位學程,46.67,,
113,231002,育達科技大學,幼兒保育系,26.67,,
113,231003,育達科技大學,社會工作系,20.00,,
113,231004,育達科技大學,觀光休閒管理系,20.00,,
113,231005,育達科技大學,餐旅經營系,13.33,,
113,232001,美和科技大學,護理系,24.44,,
113,232002,美和科技大學,美容系寵物美容設計組,23.33,,
113,232003,美和科技大學,食品營養系,6.67,,
113,232004,美和科技大學,資訊科技系,23.33,,
113,232005,美和科技大學,企業管理系,22.22,,
113,232006,美和科技大學,運動與休閒管理系,20.00,,
113,232007,美和科技大學,社會工作系,43.33,,
113,232008,美和科技大學,餐旅管理系,13.33,,
113,232009,美和科技大學,觀光系,22.22,,
113,233001,吳鳳科技大學,人工智慧無人機科技系,10.00,,
113,233002,吳鳳科技大學,機械與智慧製造工程系,6.67,,
113,233003,吳鳳科技大學,車輛工程系,20.00,,
113,233004,吳鳳科技大學,電機工程系,15.00,,
113,233005,吳鳳科技大學,消防系,18.89,,
113,233006,吳鳳科技大學,餐旅管理系,15.56,,
113,233007,吳鳳科技大學,幼兒保育系,20.00,,
113,236001,修平科技大學,機械工程系,17.78,,
113,236002,修平科技大學,機械工程系智慧車輛組,11.11,,
113,236003,修平科技大學,電機工程系,35.56,,
113,236004,修平科技大學,電子工程系,17.78,,
113,236005,修平科技大學,資訊管理系,17.78,,
113,236006,修平科技大學,企業經營管理系,46.67,,
113,236007,修平科技大學,人力資源管理與發展系,20.00,,
113,236008,修平科技大學,應用日語系,42.67,,
113,236009,修平科技大學,數位媒體設計系,31.11,,
113,236010,修平科技大學,觀光與遊憩管理系,41.33,,
113,237001,長庚學校財團法人長庚科技大學,護理系（林口校區）,20.00,,
113,237002,長庚學校財團法人長庚科技大學,護理系（嘉義校區）,24.44,,
113,237003,長庚學校財團法人長庚科技大學,化妝品應用系（林口校區）,60.00,,
113,237004,長庚學校財團法人長庚科技大學,幼兒保育系（林口校區）,63.33,,
113,237005,長庚學校財團法人長庚科技大學,保健營養系（林口校區）,64.44,,
113,238001,敏實科技大學,智慧製造工程系,16.00,,
113,238002,敏實科技大學,智慧車輛與能源系,25.33,,
113,239001,臺北城市科技大學,機械工程系,31.11,,
113,239002,臺北城市科技大學,機械工程系車輛組,15.56,,
113,239003,臺北城市科技大學,電機工程系,40.00,,
113,239004,臺北城市科技大學,資訊工程系,46.67,4,36.67
113,239005,臺北城市科技大學,電腦與通訊工程系,20.00,,
113,239006,臺北城市科技大學,應用外語系,60.00,,
113,239007,臺北城市科技大學,企業管理系,66.67,,
113,239008,臺北城市科技大學,數位多媒體設計系,53.33,,
113,239009,臺北城市科技大學,演藝事業系,40.00,,
113,239010,臺北城市科技大學,烘焙創意與經營管理學士學位學程,42.22,,
113,239011,臺北城市科技大學,流行音樂事業系,33.33,,
113,240001,醒吾科技大學,表演藝術系,66.67,,
113,240002,醒吾科技大學,流行音樂創作系,60.00,,
113,241001,文藻外語大學,英國語文系,66.67,,
113,241002,文藻外語大學,法國語文系,20.00,,
113,241003,文藻外語大學,德國語文系,40.00,,
113,241004,文藻外語大學,西班牙語文系,46.67,,
113,241005,文藻外語大學,日本語文系,73.33,,
113,241006,文藻外語大學,應用華語文系,53.33,,
113,241007,文藻外語大學,外語教學系,20.00,,
113,241008,文藻外語大學,翻譯系,66.67,,
113,241009,文藻外語大學,國際事務系,33.33,,
113,241010,文藻外語大學,數位內容應用與管理系,60.00,,
113,241011,文藻外語大學,傳播藝術系,36.67,,
113,241012,文藻外語大學,東南亞學系,46.67,,
113,244001,慈濟學校財團法人慈濟科技大學,經營管理系,40.00,,
113,244002,慈濟學校財團法人慈濟科技大學,醫學影像暨放射科學系,63.33,,
113,244003,慈濟學校財團法人慈濟科技大學,醫務暨健康管理系,46.67,,
113,244004,慈濟學校財團法人慈濟科技大學,資訊科技與管理系,20.00,,
113,244005,慈濟學校財團法人慈濟科技大學,護理系,23.03,,
113,245001,致理科技大學,企業管理系,66.67,,
113,245002,致理科技大學,財務金融系,73.33,,
113,245003,致理科技大學,會計資訊系,66.67,,
113,245004,致理科技大學,行銷與流通管理系,53.33,,
113,245005,致理科技大學,休閒遊憩管理系,53.33,,
113,245006,致理科技大學,國際貿易系,66.67,,
113,245007,致理科技大學,應用英語系,60.00,,
113,245008,致理科技大學,應用日語系,66.67,,
113,245009,致理科技大學,資訊管理系,66.67,5,46.67
113,245010,致理科技大學,商務科技管理系,26.67,,
113,245011,致理科技大學,多媒體設計系,73.33,5,53.33
113,246001,宏國德霖科技大學,土木工程系,26.67,,
113,246002,宏國德霖科技大學,機械工程系,20.00,,
113,246003,宏國德霖科技大學,資訊工程系,11.11,,
113,246004,宏國德霖科技大學,電腦與通訊工程系,10.00,,
113,246005,宏國德霖科技大學,室內設計系,26.67,,
113,246006,宏國德霖科技大學,企業管理系,16.67,,
113,246007,宏國德霖科技大學,餐旅管理系,17.78,,
113,246008,宏國德霖科技大學,餐飲廚藝系,17.78,,
113,246009,宏國德霖科技大學,休閒事業管理系,26.67,,
113,246010,宏國德霖科技大學,園藝系,21.67,,
113,248001,崇右影藝科技大學,表演藝術系,13.33,,
113,248002,崇右影藝科技大學,演藝事業系,36.67,,
113,248003,崇右影藝科技大學,影視傳播系,36.67,,
113,248004,崇右影藝科技大學,時尚造型設計系,16.67,,
113,249001,台北海洋科技大學,航海與航運管理系（士林校區）,70.30,,
113,249002,台北海洋科技大學,輪機工程系（士林校區）,70.91,,
113,249003,台北海洋科技大學,海洋運動休閒與觀光管理系海洋運動休閒組（士林校區）,72.73,,
113,249004,台北海洋科技大學,海洋運動休閒與觀光管理系觀光管理組（士林校區）,63.64,,
113,249005,台北海洋科技大學,寵物業經營管理系（淡水校區）,73.33,,
113,249006,台北海洋科技大學,演藝時尚事業管理系（淡水校區）,72.12,,
113,250001,亞東科技大學,材料織品服裝系材料應用科技組,26.67,,
113,250002,亞東科技大學,材料織品服裝系織品服裝設計組,46.67,,
113,250003,亞東科技大學,機械工程系,60.00,,
113,250004,亞東科技大學,機械工程系汽車組,33.33,,
113,250005,亞東科技大學,電機工程系,66.67,,
113,250006,亞東科技大學,電子工程系,60.00,4,46.67
113,250007,亞東科技大學,工業管理系,46.67,,
113,250008,亞東科技大學,工商業設計系,40.00,,
113,250009,亞東科技大學,護理系,53.33,,
113,250010,亞東科技大學,通訊工程系,40.00,,
113,250011,亞東科技大學,醫務管理系,66.67,,
113,250012,亞東科技大學,資訊管理系,44.44,,
113,250013,亞東科技大學,行銷與流通管理系,53.33,,
113,411001,南亞技術學院,機械工程系,16.67,,
113,411002,南亞技術學院,機械工程系車輛工程組,23.33,,
113,411003,南亞技術學院,資訊工程系系統與網路工程組,13.33,,
113,411004,南亞技術學院,資訊工程系智慧科技應用組,22.22,,
113,411005,南亞技術學院,幼兒保育系,40.00,,
113,411006,南亞技術學院,休閒與餐旅管理系,36.67,,
113,411007,南亞技術學院,室內設計系,46.67,,
113,415001,黎明技術學院,電機工程系,40.00,,
113,415002,黎明技術學院,機械工程系,33.07,,
113,415003,黎明技術學院,車輛工程系,53.33,,
113,415004,黎明技術學院,數位多媒體系,59.78,,
113,415005,黎明技術學院,化妝品應用系,65.59,,
113,415006,黎明技術學院,服飾設計系,40.00,,
113,415007,黎明技術學院,數位行銷管理系,53.65,,
113,415008,黎明技術學院,表演藝術系,40.00,,
113,415009,黎明技術學院,影視傳播系,73.33,,
113,415010,黎明技術學院,戲劇系,53.33,,
113,417001,德育學校財團法人德育護理健康學院,護理系,24.44,,
113,417002,德育學校財團法人德育護理健康學院,幼兒保育系,15.56,,
113,417003,德育學校財團法人德育護理健康學院,觀光休閒與健康系,15.56,,
113,417004,德育學校財團法人德育護理健康學院,高齡照顧福祉系,16.67,,
113,417005,德育學校財團法人德育護理健康學院,餐旅廚藝管理系,16.67,,
