學年度,學校代碼,學校,校系代碼,簡章代碼,學系(組)名稱,學系,保送縣市或籍屬,類別,分發最低標準
113,002,國立臺灣師範大學,TAQB02,AQB02,數學系(臺東縣),數學系,臺東縣,原住民,無
113,002,國立臺灣師範大學,TAQB03,AQB03,英語學系(臺東縣),英語學系,臺東縣,原住民,無
113,002,國立臺灣師範大學,TAQB04,AQB04,英語學系(臺東縣),英語學系,臺東縣,原住民,無
113,002,國立臺灣師範大學,TZUZ01,ZUZ01,資訊工程學系(金門縣),資訊工程學系,金門縣,離島,備10
113,002,國立臺灣師範大學,TZVZ01,ZVZ01,英語學系(連江縣),英語學系,連江縣,離島,無
113,002,國立臺灣師範大學,TZVZ02,ZVZ02,國文學系(連江縣),國文學系,連江縣,離島,無
113,002,國立臺灣師範大學,TZVZ03,ZVZ03,特殊教育學系(連江縣),特殊教育學系,連江縣,離島,備2
113,002,國立臺灣師範大學,TZWZ01,ZWZ01,資訊工程學系(屏東縣琉球鄉),資訊工程學系,屏東縣琉球鄉,離島,無
113,002,國立臺灣師範大學,TZXZ01,ZXZ01,英語學系(臺東縣綠島鄉),英語學系,臺東縣綠島鄉,離島,無
113,002,國立臺灣師範大學,TZXZ02,ZXZ02,英語學系(臺東縣綠島鄉),英語學系,臺東縣綠島鄉,離島,無
113,002,國立臺灣師範大學,TZYZ01,ZYZ01,英語學系(臺東縣蘭嶼鄉),英語學系,臺東縣蘭嶼鄉,離島,無
113,002,國立臺灣師範大學,TZYZ02,ZYZ02,英語學系(臺東縣蘭嶼鄉),英語學系,臺東縣蘭嶼鄉,離島,無
113,011,國立清華大學,TBFA01,BFA01,教育與學習科技學系(新竹縣),教育與學習科技學系,新竹縣,原住民,無
113,011,國立清華大學,TBFA02,BFA02,教育與學習科技學系(新竹縣),教育與學習科技學系,新竹縣,原住民,無
113,011,國立清華大學,TBFA03,BFA03,教育與學習科技學系(新竹縣),教育與學習科技學系,新竹縣,原住民,正取
113,011,國立清華大學,TBFA04,BFA04,教育與學習科技學系(新竹縣),教育與學習科技學系,新竹縣,原住民,無
113,011,國立清華大學,TDQA01,DQA01,英語教學系(臺東縣),英語教學系,臺東縣,原住民,無
113,023,國立彰化師範大學,TZWZ02,ZWZ02,英語學系(屏東縣琉球鄉),英語學系,屏東縣琉球鄉,離島,無
113,031,國立臺中教育大學,TZTZ04,ZTZ04,音樂學系(澎湖縣),音樂學系,澎湖縣,離島,正取
113,032,國立臺北教育大學,TAQB01,AQB01,兒童英語教育學系(臺東縣),兒童英語教育學系,臺東縣,原住民,無
113,032,國立臺北教育大學,TZUZ02,ZUZ02,自然科學教育學系(金門縣),自然科學教育學系,金門縣,離島,備13
113,032,國立臺北教育大學,TZUZ03,ZUZ03,音樂學系(金門縣),音樂學系,金門縣,離島,正取
113,032,國立臺北教育大學,TZVZ04,ZVZ04,幼兒與家庭教育學系(連江縣),幼兒與家庭教育學系,連江縣,離島,備3
113,032,國立臺北教育大學,TZVZ05,ZVZ05,兒童英語教育學系(連江縣),兒童英語教育學系,連江縣,離島,無
113,033,國立臺南大學,TZTZ02,ZTZ02,英語學系(澎湖縣),英語學系,澎湖縣,離島,備2
113,033,國立臺南大學,TZTZ03,ZTZ03,體育學系(澎湖縣),體育學系,澎湖縣,離島,正取
113,034,國立東華大學,TADC01,ADC01,英美語文學系(桃園市),英美語文學系,桃園市,原住民,無
113,034,國立東華大學,TARC01,ARC01,幼兒教育學系(花蓮縣),幼兒教育學系,花蓮縣,原住民,正取
113,034,國立東華大學,TARC02,ARC02,應用數學系數學科學組(花蓮縣),應用數學系數學科學組,花蓮縣,原住民,無
113,034,國立東華大學,TCQA01,CQA01,英美語文學系(臺東縣),英美語文學系,臺東縣,原住民,無
113,034,國立東華大學,TCQA02,CQA02,英美語文學系(臺東縣),英美語文學系,臺東縣,原住民,無
113,034,國立東華大學,TZXZ04,ZXZ04,教育行政與管理學系(臺東縣綠島鄉),教育行政與管理學系,臺東縣綠島鄉,離島,無
113,034,國立東華大學,TZYZ04,ZYZ04,英美語文學系(臺東縣蘭嶼鄉),英美語文學系,臺東縣蘭嶼鄉,離島,無
113,035,臺北市立大學,TARC03,ARC03,球類運動學系(花蓮縣),球類運動學系,花蓮縣,原住民,無
113,035,臺北市立大學,TBSC01,BSC01,英語教學系(宜蘭縣),英語教學系,宜蘭縣,原住民,無
113,035,臺北市立大學,TZTZ01,ZTZ01,視覺藝術學系(澎湖縣),視覺藝術學系,澎湖縣,離島,備2
113,038,國立臺東大學,TEQB01,EQB01,英美語文學系(臺東縣),英美語文學系,臺東縣,原住民,無
113,038,國立臺東大學,TIQA01,IQA01,教育學系(臺東縣),教育學系,臺東縣,原住民,備6
113,038,國立臺東大學,TZXZ03,ZXZ03,英美語文學系(臺東縣綠島鄉),英美語文學系,臺東縣綠島鄉,離島,無
113,038,國立臺東大學,TZYZ03,ZYZ03,教育學系(臺東縣蘭嶼鄉),教育學系,臺東縣蘭嶼鄉,離島,無
113,100,國立嘉義大學,TZTZ05,ZTZ05,外國語言學系英語教學組(澎湖縣),外國語言學系英語教學組,澎湖縣,離島,備7
