學年度,類別,校系代碼,學校,學系,族語別,保送縣市,身分別,招生名額,檢定_國文,檢定_英文,檢定_數學A,檢定_數學B,檢定_社會,檢定_自然,採計_國文,採計_英文,採計_數學A,採計_數學B,採計_社會,採計_自然,學測佔總成績比例,術科採計,術科佔總成績比例,同分參酌1,同分參酌2,同分參酌3,同分參酌4,同分參酌5,同分參酌6,需求專長與分發,備註
115,離島,ZTZ01,國立臺北教育大學,數學暨資訊教育學系數學組,--,澎湖縣,離島,1,均標,均標,均標,--,--,均標,1.50,1.00,2.00,--,--,2.00,,,,學測數學A級分,學測自然級分,學測國文級分,學測英文級分,高中在校數學、數學A成績平均,,國民小學數學領域教師，第二專長加註自然領域專長；學科知能評量：數學-精熟、自然-精熟、國語-基礎；數位教學能力檢測-精熟。120 學年度分發偏遠地區澎湖縣學校本縣二、三級離島國小。,1. 需求專長：國民小學數學領域教師，第二專長加註自然領域專長；學科知能評量：數學-精熟、自然-精熟、國語-基礎；數位教學能力檢測-精熟。120 學年度分發偏遠地區澎湖縣學校本縣二、三級離島國小。 2. 學系網址：https://me.ntue.edu.tw/。連絡電話：(02)2732-1104 分機 63342 李助教。
115,離島,ZTZ02,國立臺北教育大學,兒童英語教育學系,--,澎湖縣,離島,1,均標,前標,--,均標,--,--,1.00,2.00,--,1.00,--,--,,,,學測英文級分,學測數學B級分,學測國文級分,高中在校一、二年級英語文成績平均,高中在校一、二年級學業成績總平均,,國民小學語文領域教師，雙語教學次專長；學科知能評量：國語-精熟、數學-基礎、自然-基礎；數位教學能力檢測-基礎；通過 CEFR B2 等級或以上之英語能力分級測驗，須包含聽、說、讀、寫 4 項成績。120 學年度分發偏遠地區澎湖縣學校本縣二、三級離島國小。,1. 需求專長：國民小學語文領域教師，雙語教學次專長；學科知能評量：國語-精熟、數學-基礎、自然-基礎；數位教學能力檢測-基礎；通過 CEFR B2 等級或以上之英語能力分級測驗，須包含聽、說、讀、寫 4 項成績。120 學年度分發偏遠地區澎湖縣學校本縣二、三級離島國小。 2. 學系網址：https://childrenenglish.ntue.edu.tw/。連絡電話：(02)2732-1104 分機 62141 賴助教。
115,離島,ZTZ03,國立臺南大學,特殊教育學系,--,澎湖縣,離島,1,均標,--,--,--,--,--,2.00,1.50,--,1.50,--,--,,,,學測國文、英文、數學B之級分總和,學測國文級分,學測英文級分,學測數學B級分,高中在校一、二年級國語文成績平均,,國民小學特殊教育學校(班)，特殊教育身心障礙組，情緒與行為需求次專長。120 學年度分發偏遠地區澎湖縣學校本縣二、三級離島國小。,1. 需求專長：國民小學特殊教育學校(班)，特殊教育身心障礙組，情緒與行為需求次專長。120 學年度分發偏遠地區澎湖縣學校本縣二、三級離島國小。 2. 公費生相關權利與義務悉依「師資培育公費助學金及分發服務辦法」、「國立臺南大學師資培育公費學生應完成之培育條件」及「國立臺南大學師資培育公費生輔導計畫」辦理外，並依公費生行政契約書與校內各相關規定辦理。 3. 學系網址：https://sped.nutn.edu.tw/。 4. Colle go 網址：https://reurl.cc/6qOpLO。 5. 連絡電話：(06)213-3111 分機 642。
115,離島,ZUZ01,國立臺灣師範大學,物理學系,--,金門縣,離島,1,均標,--,均標,--,--,--,1.00,1.00,1.00,--,--,2.00,,,,學測數學A、自然之級分總和,學測自然級分,學測數學A級分,學測國文級分,學測英文級分,,中等學校(國民中學)自然科學領域物理專長。120 學年度分發偏遠地區金門縣學校(金門縣金城國民中學)。,1. 需求專長：中等學校(國民中學)自然科學領域物理專長。120 學年度分發偏遠地區金門縣學校(金門縣金城國民中學)。 2. 學系網址：https://www2.phy.ntnu.edu.tw/。連絡電話：(02)7749-6004 高助教。
115,離島,ZUZ02,國立臺北教育大學,兒童英語教育學系,--,金門縣,離島,1,均標,前標,--,均標,--,--,1.00,2.00,--,1.00,--,--,,,,學測英文級分,學測數學B級分,學測國文級分,高中在校一、二年級英語文成績平均,高中在校一、二年級學業成績總平均,,國民小學語文領域教師，第二專長加註語文領域英語文專長；學科知能評量：國語-精熟、數學-精熟；通過 CEFR B2 等級或以上之英語能力分級測驗，須包含聽、說、讀、寫 4 項成績。120 學年度分發偏遠地區金門縣學校(金門縣古城國民小學)。,1. 需求專長：國民小學語文領域教師，第二專長加註語文領域英語文專長；學科知能評量：國語-精熟、數學-精熟；通過 CEFR B2 等級或以上之英語能力分級測驗，須包含聽、說、讀、寫 4 項成績。120 學年度分發偏遠地區金門縣學校(金門縣古城國民小學)。 2. 學系網址：https://childrenenglish.ntue.edu.tw/。連絡電話：(02)2732-1104 分機 62141 賴助教。
115,離島,ZUZ03,國立臺灣師範大學,公民教育與活動領導學系,--,金門縣,離島,1,均標,均標,--,--,均標,--,1.25,1.25,--,--,2.00,--,,,,學測國文、英文、社會之級分總和,學測社會級分,學測國文級分,學測英文級分,高中在校一、二年級學業成績總平均,,中等學校(國民中學)綜合活動領域童軍專長。120 學年度分發偏遠地區金門縣學校(金門縣金城國民中學)。,1. 需求專長：中等學校(國民中學)綜合活動領域童軍專長。120 學年度分發偏遠地區金門縣學校(金門縣金城國民中學)。 2. 除畢業學分規定外，尚須修畢童軍專長相關規定學分。 3. 學系網址：https://cve.ntnu.edu.tw/。連絡電話：(02)7749-1868 陳助教。
115,離島,ZVZ01,國立臺灣師範大學,公民教育與活動領導學系,--,連江縣,離島,1,均標,均標,--,--,均標,--,1.25,1.25,--,--,2.00,--,,,,學測國文、英文、社會之級分總和,學測社會級分,學測國文級分,學測英文級分,高中在校一、二年級學業成績總平均,,中等學校(國民中學)社會領域公民與社會專長，第二專長加註國民中學綜合活動領域童軍專長。120 學年度分發偏遠地區連江縣學校(連江縣國中)。,1. 需求專長：中等學校(國民中學)社會領域公民與社會專長，第二專長加註國民中學綜合活動領域童軍專長。120 學年度分發偏遠地區連江縣學校(連江縣國中)。 2. 除畢業學分規定外，尚須修畢公民與社會及童軍專長相關規定學分。 3. 學系網址：https://cve.ntnu.edu.tw/。連絡電話：(02)7749-1868 陳助教。
115,離島,ZVZ02,國立臺北教育大學,兒童英語教育學系,--,連江縣,離島,1,均標,均標,--,均標,--,--,1.00,2.00,--,1.00,--,--,,,,學測英文級分,學測數學B級分,學測國文級分,高中在校一、二年級英語文成績平均,高中在校一、二年級學業成績總平均,,國民小學語文領域教師，第二專長加註語文領域英語文專長，雙語教學次專長；數位教學能力檢測-基礎；通過 CEFR B2 等級或以上之英語能力分級測驗，須包含聽、說、讀、寫 4 項成績。 120 學年度分發偏遠地區連江縣學校(連江縣國小)。,1. 需求專長：國民小學語文領域教師，第二專長加註語文領域英語文專長，雙語教學次專長；數位教學能力檢測-基礎；通過 CEFR B2 等級或以上之英語能力分級測驗，須包含聽、說、讀、寫 4 項成績。 120 學年度分發偏遠地區連江縣學校(連江縣國小)。 2. 學系網址：https://childrenenglish.ntue.edu.tw/。連絡電話：(02)2732-1104 分機 62141 賴助教。
115,離島,ZVZ03,國立臺灣師範大學,資訊工程學系,--,連江縣,離島,1,均標,均標,前標,--,--,均標,--,1.00,1.00,--,--,1.00,,,,學測數學A級分,學測英文級分,學測自然級分,高中在校數學、數學A成績平均,高中在校一、二年級英語文成績平均,,中等學校(國民中學)科技領域資訊科技專長。120 學年度分發偏遠地區連江縣學校(連江縣國中)。,1. 需求專長：中等學校(國民中學)科技領域資訊科技專長。120 學年度分發偏遠地區連江縣學校(連江縣國中)。 2. 除本系畢業學分外，尚須修畢需求專長之任教專門課程規定學分且完成教育學程培育課程。 3. 學系網址：https://www.csie.ntnu.edu.tw/。連絡電話：(02)7749-6655 陳助教。
115,離島,ZWZ01,國立臺灣師範大學,英語學系,--,屏東縣琉球鄉,離島,1,前標,前標,--,--,--,--,1.50,2.00,--,1.00,1.00,--,,,,學測國文、英文、數學B、社會之級分總和,學測英文級分,學測國文級分,學測數學B級分,學測社會級分,,中等學校(國民中學)語文領域英語文專長；通過 CEFR B2 等級或以上之英語能力分級測驗，須包含聽、說、讀、寫 4 項成績；通過臺灣台語/閩南語語言認證考試中高級以上認證。120 學年度分發偏遠地區屏東縣學校(琉球國中)。,1. 需求專長：中等學校(國民中學)語文領域英語文專長；通過 CEFR B2 等級或以上之英語能力分級測驗，須包含聽、說、讀、寫 4 項成績；通過臺灣台語/閩南語語言認證考試中高級以上認證。120 學年度分發偏遠地區屏東縣學校(琉球國中)。 2. 有關教師資格之取得及服務之權利義務，係依本校及本系師資培育法及其相關法令之規定辦理。 3. 本系學生畢業前須通過全民英檢中高級複試檢定(或等同之國際標準化測驗)，始得畢業。 4. 本系網址：https://www.eng.ntnu.edu.tw/。連絡電話：(02)7749-1802 王助教。
115,離島,ZWZ02,國立臺灣師範大學,科技應用與人力資源發展學系,--,屏東縣琉球鄉,離島,1,均標,均標,--,--,--,--,1.00,1.00,1.00,--,--,1.00,,,,學測國文、英文、數學A、自然之級分總和,學測英文級分,學測數學A級分,學測自然級分,學測國文級分,,中等學校(國民中學)科技領域生活科技專長，第二專長加註中等學校科技領域資訊科技專長。120 學年度分發偏遠地區屏東縣學校(琉球國中)。,1. 需求專長：中等學校(國民中學)科技領域生活科技專長，第二專長加註中等學校科技領域資訊科技專長。120 學年度分發偏遠地區屏東縣學校(琉球國中)。 2. 本系網址：https://www.tahrd.ntnu.edu.tw/。連絡電話：(02)7749-3434 林助教。
115,離島,ZXZ01,國立臺東大學,教育學系,--,臺東縣綠島鄉,離島,1,均標,--,--,--,--,--,1.50,1.00,--,--,--,--,,,,學測國文級分,學測英文級分,學測數學B級分,高中在校一、二年級國語文成績平均,高中在校一、二年級英語文成績平均,,國民小學教師，國民小學（國、數、社、自）4 領域學科知能評量證明，至少 3 科達 「精熟」級，其餘達「基礎」級。120 學年度分發偏遠地區臺東縣學校離島地區綠島鄉國民國小。,1. 需求專長：國民小學教師，國民小學（國、數、社、自）4 領域學科知能評量證明，至少 3 科達 「精熟」級，其餘達「基礎」級。120 學年度分發偏遠地區臺東縣學校離島地區綠島鄉國民國小。 2. 學系網址：https://wedu.nttu.edu.tw/。連絡電話：(089)517-551 林小姐。
115,離島,ZXZ02,國立東華大學,教育行政與管理學系,--,臺東縣綠島鄉,離島,1,均標,均標,--,均標,--,--,1.00,1.50,--,1.50,1.00,--,,,,學測國文、英文之級分總和,學測英文級分,學測數學B級分,學測社會級分,高中在校一、二年級學業成績總平均,,國民小學教師，國民小學（國、數、社、自）4 領域學科知能評量證明，至少 3 科達「精熟」級，其餘達「基礎」級。120 學年度分發偏遠地區臺東縣學校離島地區綠島鄉國民國小。,1. 需求專長：國民小學教師，國民小學（國、數、社、自）4 領域學科知能評量證明，至少 3 科達「精熟」級，其餘達「基礎」級。120 學年度分發偏遠地區臺東縣學校離島地區綠島鄉國民國小。 2. 本系旨在培養具有「行政文教」專業知能之國小師資。 3. 本系公費生須修習國小師資教育學程。 4. 本系網址：https://eam.ndhu.edu.tw/。連絡電話：(03)890-3912。
115,離島,ZYZ01,國立東華大學,教育行政與管理學系,--,臺東縣蘭嶼鄉,離島,1,均標,均標,--,均標,--,--,1.00,1.50,--,1.50,1.00,--,,,,學測國文、英文之級分總和,學測英文級分,學測數學B級分,學測社會級分,高中在校一、二年級學業成績總平均,,國民小學教師，國民小學（國、數、社、自）4 領域學科知能評量證明，至少 3 科達「精熟」級，其餘達「基礎」級。120 學年度分發偏遠地區臺東縣學校離島地區蘭嶼鄉國民國小。,1. 需求專長：國民小學教師，國民小學（國、數、社、自）4 領域學科知能評量證明，至少 3 科達「精熟」級，其餘達「基礎」級。120 學年度分發偏遠地區臺東縣學校離島地區蘭嶼鄉國民國小。 2. 本系旨在培養具有「行政文教」專業知能之國小師資。 3. 本系公費生須修習國小師資教育學程。 4. 本系網址：https://eam.ndhu.edu.tw/。連絡電話：(03)890-3912。
115,離島,ZYZ02,國立臺東大學,教育學系,--,臺東縣蘭嶼鄉,離島,1,均標,--,--,--,--,--,1.50,1.00,--,--,--,--,,,,學測國文級分,學測英文級分,學測數學B級分,高中在校一、二年級國語文成績平均,高中在校一、二年級英語文成績平均,,國民小學教師，國民小學（國、數、社、自）4 領域學科知能評量證明，至少 3 科達 「精熟」級，其餘達「基礎」級。120 學年度分發偏遠地區臺東縣學校離島地區蘭嶼鄉國民國小。,1. 需求專長：國民小學教師，國民小學（國、數、社、自）4 領域學科知能評量證明，至少 3 科達 「精熟」級，其餘達「基礎」級。120 學年度分發偏遠地區臺東縣學校離島地區蘭嶼鄉國民國小。 2. 學系網址：https://wedu.nttu.edu.tw/。連絡電話：(089)517-551 林小姐。
115,原住民,AAC01,國立臺中教育大學,科學教育與應用學系,阿美族語,基隆市,山地/平地,1,均標,--,--,--,--,均標,1.00,--,1.00,--,--,1.50,,,,學測自然級分,學測國文級分,學測數學A級分,高中在校一、二年級國語文成績平均,高中在校數學、數學A成績平均,,國民小學教師，第二專長加註自然領域專長，原住民族之民族教育次專長；學科知能評量：自然-精熟；數位教學能力檢測-基礎；通過阿美族語中高級以上認證。120 學年度分發偏遠地區基隆市學校(阿美族語原住民重點學校)。,1. 需求專長：國民小學教師，第二專長加註自然領域專長，原住民族之民族教育次專長；學科知能評量：自然-精熟；數位教學能力檢測-基礎；通過阿美族語中高級以上認證。120 學年度分發偏遠地區基隆市學校(阿美族語原住民重點學校)。 2. 公費生應於受領公費年限期滿前符合本校學則第 52 條規定修畢本校畢業學分與畢業條件，方具畢業資格。其餘特別規定依教育部及本校相關法令規章辦理。 3. 學系網站：https://science.ntcu.edu.tw/。連絡電話：(04)2218-3532。
115,原住民,ADC01,臺北市立大學,教育學系,阿美族語,桃園市,山地/平地,2,均標,--,--,後標,--,--,1.25,1.25,--,1.25,--,--,,,,學測國文、英文、數學B、社會之級分總和,學測國文級分,學測數學B級分,學測英文級分,學測社會級分,,國民小學教師，原住民族之民族教育次專長；學科知能評量：國語-精熟、數學-精熟、社會-基礎、自然-基礎；通過阿美族語中高級以上認證。120 學年度分發偏遠地區桃園市原住民重點學校。,1. 需求專長：國民小學教師，原住民族之民族教育次專長；學科知能評量：國語-精熟、數學-精熟、社會-基礎、自然-基礎；通過阿美族語中高級以上認證。120 學年度分發偏遠地區桃園市原住民重點學校。 2. 本系為全師培學系。 3. 公費生就讀期間應符合本校公費生輔導相關規範，有關教師資格之取得及服務之權利義務，悉依師資培育法及其相關法令之規定辦理。 4. 本系網址：https://edu.utaipei.edu.tw/。連絡電話：(02)2311-3040 分機 4313 黃助教。
115,原住民,ARC01,國立東華大學,教育與潛能開發學系,阿美族語,花蓮縣,山地/平地,1,均標,均標,--,均標,--,--,1.50,1.50,--,1.00,1.00,--,,,,學測國文級分,學測英文級分,學測社會級分,學測數學B級分,高中在校一、二年級學業成績總平均,,國民小學教師，第二專長加註輔導專長，原住民族之民族教育次專長；通過阿美族語中高級以上認證。120 學年度分發偏遠地區花蓮縣學校(阿美族語原住民重點學校-港口國小)。,1. 需求專長：國民小學教師，第二專長加註輔導專長，原住民族之民族教育次專長；通過阿美族語中高級以上認證。120 學年度分發偏遠地區花蓮縣學校(阿美族語原住民重點學校-港口國小)。 2. 本系旨在培養具有「課程設計」與「潛能開發」專業知能之國小師資。 3. 本系公費生須修習國小師資教育學程。 4. 本系網址：https://dehpd.ndhu.edu.tw/。連絡電話：(03)890-3822。
115,原住民,ARC02,國立臺中教育大學,英語學系,阿美族語,花蓮縣,山地/平地,1,均標,前標,--,均標,--,--,1.25,2.00,--,1.00,1.00,--,,,,學測國文、英文、數學B、社會之級分總和,學測英文級分,學測國文級分,學測數學B級分,學測社會級分,,國民小學教師，第二專長加註語文領域英語文專長，原住民族之民族教育次專長；學科知能評量：國語-精熟、數學-精熟、社會-基礎、自然-基礎；通過阿美族語中高級以上認證；通過 CEFR B2 等級或以上之英語能力分級測驗，須包含聽、說、讀、寫 4 項成績。120 學年度分發偏遠地區花蓮縣學校(阿美族語原住民重點學校-源城國小)。,1. 需求專長：國民小學教師，第二專長加註語文領域英語文專長，原住民族之民族教育次專長；學科知能評量：國語-精熟、數學-精熟、社會-基礎、自然-基礎；通過阿美族語中高級以上認證；通過 CEFR B2 等級或以上之英語能力分級測驗，須包含聽、說、讀、寫 4 項成績。120 學年度分發偏遠地區花蓮縣學校(阿美族語原住民重點學校-源城國小)。 2. 公費生應於受領公費年限期滿前符合本校學則第 52 條規定修畢本校畢業學分與畢業條件，方具畢業資格。其餘特別規定依教育部及本校相關法令規章辦理。 3. 學系網站：https://english.ntcu.edu.tw/。連絡電話：(04)2218-3462。
115,原住民,ARC03,國立臺北教育大學,音樂學系,阿美族語,花蓮縣,山地/平地,1,均標,均標,--,--,--,--,1.00,1.00,--,--,--,--,10%,主修×2.00、副修×1.00、樂理×1.00、視唱×1.00、聽寫×1.00,90%,術科考試主修分數,術科考試副修分數,術科考試樂理分數,術科考試視唱分數,術科考試聽寫分數,,國民小學教師，原住民族之民族教育次專長；學科知能評量：國語-精熟、數學-精熟、社會-基礎、自然-基礎；通過阿美族語中高級以上認證。120 學年度分發偏遠地區花蓮縣學校(阿美族語原住民重點學校-光復國小)。,1. 需求專長：國民小學教師，原住民族之民族教育次專長；學科知能評量：國語-精熟、數學-精熟、社會-基礎、自然-基礎；通過阿美族語中高級以上認證。120 學年度分發偏遠地區花蓮縣學校(阿美族語原住民重點學校-光復國小)。 2. 主修鋼琴者，副修須為聲樂、管樂(限長笛、單簧管、雙簧管、低音管、薩克斯風、小號、法國號、長號、上低音號、低音號)、弦樂(限小提琴、中提琴、大提琴、低音提琴)、理論作曲、擊樂中任選一項；其餘主修者(以前述副修樂器別為限)，一律以鋼琴為副修。 3. 學系網址：https://music.ntue.edu.tw/。連絡電話：(02)6639-6688 分機 63373 曾助教。
115,原住民,BDC01,國立臺北教育大學,體育學系,泰雅族語,桃園市,山地/平地,1,均標,--,均標,均標,--,--,1.00,1.50,--,--,--,--,80%,體育(百分等級)×1.00,20%,學測國文、英文之級分總和,學測英文級分,學測國文級分,術科考試體育(百分等級),學測自然級分,,國民小學教師，原住民族之民族教育次專長；學科知能評量：國語-精熟、數學-精熟、社會-基礎、自然-基礎；通過泰雅族語中高級以上認證。120 學年度分發偏遠地區桃園市學校(泰雅族語原住民重點學校)。,1. 需求專長：國民小學教師，原住民族之民族教育次專長；學科知能評量：國語-精熟、數學-精熟、社會-基礎、自然-基礎；通過泰雅族語中高級以上認證。120 學年度分發偏遠地區桃園市學校(泰雅族語原住民重點學校)。 2. 本系每年皆有辦理體育表演會，各年級同學需參與練習及演出或支援工作。 3. 學系網址：https://pe.ntue.edu.tw/。連絡電話：(02)6639-6688 分機 63503 吳助教。
115,原住民,BDC02,國立臺北教育大學,教育學系,泰雅族語,桃園市,山地/平地,1,均標,--,--,均標,--,--,1.50,--,--,1.50,1.00,1.00,,,,學測數學B級分,學測國文級分,學測自然級分,學測社會級分,高中在校一、二年級學業成績總平均,,國民小學教師，原住民族之民族教育次專長；學科知能評量：國語-精熟、數學-精熟、社會-基礎、自然-基礎；通過泰雅族語中高級以上認證。120 學年度分發偏遠地區桃園市學校(泰雅族語原住民重點學校)。,1. 需求專長：國民小學教師，原住民族之民族教育次專長；學科知能評量：國語-精熟、數學-精熟、社會-基礎、自然-基礎；通過泰雅族語中高級以上認證。120 學年度分發偏遠地區桃園市學校(泰雅族語原住民重點學校)。 2. 學系網址：https://de.ntue.edu.tw/。連絡方式：(02)6639-6688 分機 62161 廖助教。
115,原住民,BSC01,國立東華大學,教育行政與管理學系,泰雅族語,宜蘭縣,山地/平地,1,均標,--,--,均標,--,--,1.00,1.50,--,1.50,1.00,--,,,,學測國文、英文之級分總和,學測英文級分,學測數學B級分,學測社會級分,高中在校一、二年級學業成績總平均,,國民小學教師，原住民族之民族教育次專長；學科知能評量：國語-精熟、數學-基礎、社會-基礎、自然-基礎；通過泰雅族語中高級以上認證。120 學年度分發偏遠地區宜蘭縣學校(武塔國小)。,1. 需求專長：國民小學教師，原住民族之民族教育次專長；學科知能評量：國語-精熟、數學-基礎、社會-基礎、自然-基礎；通過泰雅族語中高級以上認證。120 學年度分發偏遠地區宜蘭縣學校(武塔國小)。 2. 本系旨在培養具有「行政文教」專業知能之國小師資。 3. 本系公費生須修習國小師資教育學程。 4. 本系網址：https://eam.ndhu.edu.tw/。連絡電話：(03)890-3912。
115,原住民,BSC02,國立東華大學,教育行政與管理學系,泰雅族語,宜蘭縣,山地/平地,1,均標,--,--,均標,--,--,1.00,1.50,--,1.50,1.00,--,,,,學測國文、英文之級分總和,學測英文級分,學測數學B級分,學測社會級分,高中在校一、二年級學業成績總平均,,國民小學健康與體育領域教師，原住民族之民族教育次專長；學科知能評量：國語-精熟、社會-精熟、自然-精熟；通過泰雅族語中高級以上認證。120 學年度分發偏遠地區宜蘭縣學校(南澳國小)。,1. 需求專長：國民小學健康與體育領域教師，原住民族之民族教育次專長；學科知能評量：國語-精熟、社會-精熟、自然-精熟；通過泰雅族語中高級以上認證。120 學年度分發偏遠地區宜蘭縣學校(南澳國小)。 2. 本系旨在培養具有「行政文教」專業知能之國小師資。 3. 本系公費生須修習國小師資教育學程。 4. 本系網址：https://eam.ndhu.edu.tw/。連絡電話：(03)890-3912。
115,原住民,CDC01,國立臺中教育大學,教育學系,排灣族語,桃園市,山地/平地,1,均標,--,--,--,均標,--,1.25,--,--,1.25,1.00,1.00,,,,學測國文級分,學測數學B級分,學測社會級分,學測自然級分,高中在校一、二年級國語文成績平均,,國民小學教師，原住民族之民族教育次專長；學科知能評量：國語-精熟、數學-精熟、社會-基礎、自然-基礎；通過排灣族語中高級以上認證。120 學年度分發偏遠地區桃園市原住民重點學校。,1. 需求專長：國民小學教師，原住民族之民族教育次專長；學科知能評量：國語-精熟、數學-精熟、社會-基礎、自然-基礎；通過排灣族語中高級以上認證。120 學年度分發偏遠地區桃園市原住民重點學校。 2. 公費生應於受領公費年限期滿前符合本校學則第 52 條規定修畢本校畢業學分與畢業條件，方具畢業資格。其餘特別規定依教育部及本校相關法令規章辦理。 3. 學系網站：https://edu.ntcu.edu.tw/。連絡電話：(04)2218-3346。
115,原住民,CPC01,國立臺灣師範大學,歷史學系,排灣族語,屏東縣,山地/平地,1,前標,均標,--,--,前標,--,1.00,1.00,--,1.00,1.25,--,,,,學測社會級分,學測國文、英文、社會之級分總和,學測國文級分,學測英文級分,高中在校一、二年級學業成績總平均,,中等學校(高級中等)社會領域歷史專長，原住民族之民族教育次專長；通過排灣族語中高級以上認證。120 學年度分發偏遠地區屏東縣學校(國立屏北高級中學)。,1. 需求專長：中等學校(高級中等)社會領域歷史專長，原住民族之民族教育次專長；通過排灣族語中高級以上認證。120 學年度分發偏遠地區屏東縣學校(國立屏北高級中學)。 2. 有關教師資格之取得及服務之權利義務，係依本校及本系師資培育法及其相關法令之規定辦理。 3. 錄取本系者須通過本校及本系相關規定之外語能力檢定標準，始符合畢業資格。 4. 本系網址：https://www.his.ntnu.edu.tw/。連絡電話：(02)7749-1502 王助教。
115,原住民,DOC01,國立屏東大學,特殊教育學系,布農族語,高雄市,山地/平地,1,均標,--,--,--,--,--,1.50,1.00,--,1.00,--,--,,,,學測國文級分,學測英文級分,學測數學B級分,學測國文、英文、數學B之級分總和,高中在校一、二年級英語文成績平均,,國民小學特殊教育學校(班)，特殊教育身心障礙組，國民小學領域教學次專長；修畢原住民族之民族教育次專長課程至少 12 學分；通過布農族語中高級以上認證。120 學年度分發偏遠地區布農族語學校高雄市桃源區(興中國小)。,1. 需求專長：國民小學特殊教育學校(班)，特殊教育身心障礙組，國民小學領域教學次專長；修畢原住民族之民族教育次專長課程至少 12 學分；通過布農族語中高級以上認證。120 學年度分發偏遠地區布農族語學校高雄市桃源區(興中國小)。 2. 本校學生須通過本校規定之基本能力畢業門檻，方得畢業。 3. 有關師資資格之取得及服務之權利義務，悉依師資培育法及相關法令；如有修改依據最新辦法實施。 4. 學系網址：https://special.nptu.edu.tw/。連絡電話：(08)766-3800 分機 31701。
115,原住民,GMC01,國立臺灣師範大學,物理學系,鄒族語,嘉義縣,山地/平地,1,均標,--,均標,--,--,--,1.00,1.00,1.00,--,--,2.00,,,,學測數學A、自然之級分總和,學測自然級分,學測數學A級分,學測國文級分,學測英文級分,,中等學校(國民中學)自然科學領域物理專長，原住民族之民族教育次專長；通過鄒族語中高級以上認證。120 學年度分發偏遠地區嘉義縣學校(嘉義縣阿里山國民中小學-國中部)。,1. 需求專長：中等學校(國民中學)自然科學領域物理專長，原住民族之民族教育次專長；通過鄒族語中高級以上認證。120 學年度分發偏遠地區嘉義縣學校(嘉義縣阿里山國民中小學-國中部)。 2. 學系網址：https://www2.phy.ntnu.edu.tw/。連絡電話：(02) 7749-6004 高助教。
115,原住民,IQC01,國立臺東大學,教育學系,雅美族語,臺東縣,山地/平地,2,均標,--,--,--,--,--,1.50,1.00,--,--,--,--,,,,學測國文級分,學測英文級分,學測數學B級分,高中在校一、二年級國語文成績平均,高中在校一、二年級英語文成績平均,,國民小學教師，原住民族之民族教育次專長；學科知能評量：國語-精熟、數學-精熟、社會-基礎、自然-基礎；通過雅美族語中高級以上認證。120 學年度分發偏遠地區臺東縣學校(雅美族語原住民重點學校-蘭嶼鄉)。,1. 需求專長：國民小學教師，原住民族之民族教育次專長；學科知能評量：國語-精熟、數學-精熟、社會-基礎、自然-基礎；通過雅美族語中高級以上認證。120 學年度分發偏遠地區臺東縣學校(雅美族語原住民重點學校-蘭嶼鄉)。 2. 學系網址：https://wedu.nttu.edu.tw/。連絡電話：(089)517-551 林小姐。
