學年度,學校,學系,修業年限,籍屬身分,校系代碼,招生名額
115,國立臺灣大學,醫學系,6年,原住民,A011,1
115,國立臺灣大學,醫學系,6年,澎湖縣,A012,1
115,國立臺灣大學,醫學系,6年,金門縣,A013,1
115,國立臺灣大學,護理學系,4年,原住民,A031,1
115,國立臺灣大學,護理學系,4年,澎湖縣,A032,1
115,國立臺灣大學,物理治療學系,6年,澎湖縣,A062,1
115,國立陽明交通大學,醫學系,6年,金門縣,B013,1
115,國立陽明交通大學,醫學系,6年,連江縣,B014,1
115,國立陽明交通大學,牙醫學系,6年,金門縣,B023,1
115,國立陽明交通大學,護理學系,4年,原住民,B031,2
115,國立陽明交通大學,護理學系,4年,金門縣,B033,1
115,國立陽明交通大學,護理學系,4年,連江縣,B034,1
115,國立成功大學,醫學系,6年,澎湖縣,C012,1
115,國立成功大學,牙醫學系,6年,澎湖縣,C022,1
115,國立成功大學,護理學系,4年,澎湖縣,C032,1
115,國立成功大學,藥學系,6年,金門縣,C043,1
115,國立成功大學,職能治療學系,4年,原住民,C101,1
115,國立金門大學,護理學系,4年,金門縣,D033,3
115,國防醫學大學,醫學系,6年,澎湖縣,E012,1
115,國防醫學大學,醫學系,6年,偏鄉,E018,1
115,國防醫學大學,護理學系,4年,澎湖縣,E032,2
115,中山醫學大學,醫學系,6年,原住民,F011,1
115,中山醫學大學,醫學系,6年,連江縣,F014,1
115,中山醫學大學,醫學系,6年,偏鄉,F018,1
115,中山醫學大學,牙醫系,6年,原住民,F021,1
115,中山醫學大學,護理學系,4年,原住民,F031,4
115,中山醫學大學,護理學系,4年,澎湖縣,F032,5
115,中山醫學大學,職能治療學系,4年,澎湖縣,F102,1
115,中山醫學大學,醫學檢驗暨生物技術學系,4年,原住民,F111,1
115,中山醫學大學,心理學系,4年,澎湖縣,F092,1
115,中山醫學大學,語言治療與聽力學系（語言治療組）,4年,澎湖縣,F122,1
115,中國醫藥大學,醫學系,6年,原住民,G011,1
115,中國醫藥大學,醫學系,6年,金門縣,G013,1
115,中國醫藥大學,醫學系,6年,偏鄉,G018,1
115,中國醫藥大學,護理學系,4年,原住民,G031,4
115,中國醫藥大學,護理學系,4年,澎湖縣,G032,5
115,中國醫藥大學,藥學系,5年,原住民,G041,3
115,中國醫藥大學,藥學系,5年,金門縣,G043,1
115,中國醫藥大學,藥學系,5年,連江縣,G044,1
115,中國醫藥大學,生物醫學影像暨放射科學學系,4年,澎湖縣,G082,1
115,中國醫藥大學,醫學檢驗生物技術學系,4年,金門縣,G113,1
115,中國醫藥大學,營養學系,4年,連江縣,G144,1
115,高雄醫學大學,醫學系,6年,原住民,H011,1
115,高雄醫學大學,醫學系,6年,澎湖縣,H012,1
115,高雄醫學大學,醫學系,6年,偏鄉,H018,4
115,高雄醫學大學,牙醫學系,6年,金門縣,H023,1
115,高雄醫學大學,牙醫學系,6年,蘭嶼鄉,H027,1
115,高雄醫學大學,護理學系,4年,原住民,H031,2
115,高雄醫學大學,護理學系,4年,澎湖縣,H032,3
115,高雄醫學大學,藥學系,5年,原住民,H041,2
115,高雄醫學大學,藥學系,5年,澎湖縣,H042,1
115,高雄醫學大學,物理治療學系,4年,金門縣,H063,1
115,高雄醫學大學,物理治療學系,4年,連江縣,H064,1
115,高雄醫學大學,醫學影像暨放射科學系,4年,金門縣,H083,1
115,高雄醫學大學,醫學檢驗生物技術學系,4年,澎湖縣,H112,1
115,高雄醫學大學,呼吸治療學系,4年,金門縣,H133,1
115,臺北醫學大學,牙醫學系,6年,連江縣,I024,1
115,臺北醫學大學,護理學系,4年,原住民,I031,4
115,臺北醫學大學,護理學系,4年,澎湖縣,I032,2
115,臺北醫學大學,護理學系,4年,連江縣,I034,1
115,臺北醫學大學,藥學系（藥學組）,4年,原住民,I041,1
115,慈濟大學,醫學系,6年,原住民,J011,2
115,慈濟大學,護理學系,4年,原住民,J031,1
115,慈濟大學,藥學系,6年,原住民,J041,1
115,馬偕醫學大學,醫學系,6年,原住民,K011,1
115,馬偕醫學大學,醫學系,6年,澎湖縣,K012,1
115,馬偕醫學大學,醫學系,6年,金門縣,K013,1
115,馬偕醫學大學,醫學系,6年,連江縣,K014,1
115,馬偕醫學大學,護理學系,4年,原住民,K031,3
115,馬偕醫學大學,護理學系,4年,連江縣,K034,1
115,馬偕醫學大學,聽力暨語言治療學系（語言組）,4年,連江縣,K124,1
115,義守大學,醫學系,6年,原住民,L011,1
115,義守大學,醫學系,6年,綠島鄉,L016,1
115,義守大學,醫學系,6年,蘭嶼鄉,L017,1
115,義守大學,醫學系,6年,偏鄉,L018,1
115,義守大學,護理學系,4年,原住民,L031,2
115,義守大學,護理學系,4年,澎湖縣,L032,3
115,輔仁大學,醫學系,6年,原住民,M011,1
115,輔仁大學,醫學系,6年,澎湖縣,M012,1
115,輔仁大學,醫學系,6年,金門縣,M013,1
